,Condition,Size_Factor,num_genes_expressed,Total_mRNAs,Cluster,peaks,halo,delta,rho,nearest_higher_density_neighbor,Pseudotime,State
BY4741_Unstressed_1784042189_BY43___Unstressed,Unstressed,1.02117648256228,3822,485109.63,2,FALSE,FALSE,0.0108584311180613,1.38278578562333,NA,0,1
BY4741_Unstressed_1784042189_BY45___Unstressed,Unstressed,1.0488303503398,3810,498264.42,2,FALSE,FALSE,1.32711743221869,1.39304349929284,NA,0.0136271516343176,1
BY4741_Unstressed_1784042189_BY38___Unstressed,Unstressed,1.04651270487866,2508,497124.84,1,FALSE,FALSE,0.00190685645261347,1.05403684768059,NA,0.149446941257185,1
BY4741_Unstressed_1784042189_BY15___Unstressed,Unstressed,0.956608690346414,2539,454422.94,1,FALSE,FALSE,1.90273929749016,1.05440691017194,NA,0.150316455817955,1
BY4741_Unstressed_1784042189_BY62___Unstressed,Unstressed,1.03306783515993,2635,490814.43,1,FALSE,FALSE,0.227126048122013,3.07098989799664,NA,0.169994594280488,1
BY4741_Unstressed_1784042189_BY37___Unstressed,Unstressed,1.03422139529862,2691,491369.01,1,FALSE,FALSE,0.899301771867354,1.61546592782723,NA,0.185847442778069,1
BY4741_Unstressed_1784042189_BY91___Unstressed,Unstressed,1.0368042753902,2265,492562.24,1,FALSE,FALSE,0.636013795431729,4.42586116909137,NA,0.19972174553285,1
BY4741_Unstressed_1784042189_BY32___Unstressed,Unstressed,1.00966193154279,2253,479636.23,1,FALSE,FALSE,0.42488075419046,3.3022357198852,NA,0.216532735630006,1
BY4741_Unstressed_1784042189_BY31___Unstressed,Unstressed,0.99491404407615,2566,472615.94,1,FALSE,FALSE,0.346442904839855,3.89827790500341,NA,0.253230270805,1
BY4741_Unstressed_1784042189_BY82___Unstressed,Unstressed,0.97704859718357,2504,464131.34,1,FALSE,FALSE,2.31959522390861,4.19638998120675,NA,0.265525081619487,1
BY4741_Unstressed_1784042189_BY63___Unstressed,Unstressed,1.01884620688064,2210,484044.67,1,FALSE,FALSE,0.341855761647368,4.12308677325824,NA,0.298621773272781,1
BY4741_Unstressed_1784042189_BY68___Unstressed,Unstressed,0.953061703423591,2570,452738.57,1,FALSE,FALSE,0.770617256993423,3.09352661657645,NA,0.299607994904677,1
BY4741_Unstressed_1784042189_BY51___Unstressed,Unstressed,1.03342358637058,2251,490953.89,1,FALSE,FALSE,0.917663462155293,4.61978982356792,NA,0.318317988497697,1
BY4741_Unstressed_1784042189_BY12___Unstressed,Unstressed,1.16697764293942,2597,554355.89,1,FALSE,FALSE,0.975225417504681,1.70684222364729,NA,0.349156538311805,1
BY4741_Unstressed_1784042189_BY66___Unstressed,Unstressed,0.986470741674107,2187,468645.17,1,FALSE,FALSE,0.137089122595558,5.1312305599717,NA,0.354972926224036,1
BY4741_Unstressed_1784042189_BY6___Unstressed,Unstressed,0.94534042862661,2176,449085.26,1,FALSE,FALSE,0.736138457245784,3.36923758448982,NA,0.373147639690336,1
BY4741_Unstressed_1784042189_BY72___Unstressed,Unstressed,1.01756844957373,2446,483400.03,1,FALSE,FALSE,0.521789257615502,3.46097990117366,NA,0.373409477657707,1
BY4741_Unstressed_1784042189_BY78___Unstressed,Unstressed,1.01828205703179,2169,483749.13,1,FALSE,FALSE,2.39857165227884,3.47570155483454,NA,0.374494709807174,1
BY4741_Unstressed_1784042189_BY8___Unstressed,Unstressed,1.03508656540265,2531,491744.38,1,FALSE,FALSE,0.770006587902248,1.46914877170001,NA,0.375636170897341,1
BY4741_Unstressed_1784042189_BY77___Unstressed,Unstressed,0.99713064777332,2522,473708.82,1,FALSE,FALSE,0.353961659712131,3.82255078157357,NA,0.376992891369923,1
BY4741_Unstressed_1784042189_BY21___Unstressed,Unstressed,0.960881914947797,2530,456467.95,1,FALSE,FALSE,0.760032096795092,3.09134745585451,NA,0.389433735709823,1
BY4741_Unstressed_1784042189_BY34___Unstressed,Unstressed,1.01375412298372,2836,481603.85,1,FALSE,FALSE,1.00088336357014,1.64821917941634,NA,0.410720961223637,1
BY4741_Unstressed_1784042189_BY17___Unstressed,Unstressed,1.0268516616388,2271,487863.18,1,FALSE,FALSE,0.628006845433103,4.65224921180649,NA,0.445543778813564,1
BY4741_Unstressed_1784042189_BY54___Unstressed,Unstressed,0.993975197685895,2441,472199.63,1,FALSE,FALSE,0.48183790647631,4.4287709081003,NA,0.446864897265612,1
BY4741_Unstressed_1784042189_BY76___Unstressed,Unstressed,1.03863355232547,2173,493443.74,1,FALSE,FALSE,1.07364287287422,3.16590042919332,NA,0.448235390580479,1
BY4741_Unstressed_1784042189_BY65___Unstressed,Unstressed,1.01799366699712,2282,483609.85,1,FALSE,FALSE,0.979215288826747,2.78411360422822,NA,0.450743243329226,1
BY4741_Unstressed_1784042189_BY74___Unstressed,Unstressed,1.02320573798875,2639,486071.12,1,FALSE,FALSE,0.851411883674028,3.29131052576101,NA,0.450800206371034,1
BY4741_Unstressed_1784042189_BY86___Unstressed,Unstressed,1.03155852381057,1992,490032.73,1,FALSE,FALSE,0.717214364683696,2.99606279483849,NA,0.455544773964714,1
BY4741_Unstressed_1784042189_BY5___Unstressed,Unstressed,0.995408727712271,1938,472864.31,1,FALSE,FALSE,1.10346592755273,3.15272111100599,NA,0.458760337247233,1
BY4741_Unstressed_1784042189_BY87___Unstressed,Unstressed,1.03856198107599,2332,493410.79,1,FALSE,FALSE,0.264215361412532,3.33509118278373,NA,0.476853800210755,1
BY4741_Unstressed_1784042189_BY22___Unstressed,Unstressed,0.930760944099921,1951,442137.27,1,FALSE,FALSE,0.812819812784442,2.97530935831068,NA,0.490115722150234,1
BY4741_Unstressed_1784042189_BY50___Unstressed,Unstressed,0.94323749691391,1485,448087.96,1,FALSE,FALSE,0.390304603630302,2.34161475878344,NA,0.497479002598913,1
BY4741_Unstressed_1784042189_BY13___Unstressed,Unstressed,1.00917777309042,2191,479402.62,1,FALSE,FALSE,0.148480156743864,3.27552928083439,NA,0.514003829205786,1
BY4741_Unstressed_1784042189_BY81___Unstressed,Unstressed,1.03073124436804,2143,489677.38,1,FALSE,FALSE,0.626791373629829,2.59374320205701,NA,0.523341765726625,1
BY4741_Unstressed_1784042189_BY56___Unstressed,Unstressed,0.95930313738571,2150,455712.83,1,FALSE,FALSE,0.449631219561548,4.75972858483011,NA,0.524370218028059,1
BY4741_Unstressed_1784042189_BY3___Unstressed,Unstressed,1.0207470550654,1795,484930.07,1,FALSE,FALSE,0.88502109347968,2.57187639997927,NA,0.534418371946748,1
BY4741_Unstressed_1784042189_BY89___Unstressed,Unstressed,0.989830380326229,2249,470270.23,1,FALSE,FALSE,0.777704401705576,5.10248560212336,NA,0.541745909541579,1
BY4741_Unstressed_1784042189_BY2___Unstressed,Unstressed,0.957993804527552,2123,455092.65,1,FALSE,FALSE,0.982552401602329,2.68515132655678,NA,0.56941232743625,1
BY4741_Unstressed_1784042189_BY88___Unstressed,Unstressed,0.984561473342356,1793,467728.9,1,FALSE,FALSE,0.798771829588141,2.26083215279232,NA,0.578305322815792,1
BY4741_Unstressed_1784042189_BY19___Unstressed,Unstressed,0.951419774759021,2287,451961.18,1,FALSE,FALSE,0.608593523096518,3.92558735061385,NA,0.600918627253269,1
BY4741_Unstressed_1784042189_BY10___Unstressed,Unstressed,0.990158766059143,2380,470368.54,1,FALSE,FALSE,1.21356326855336,4.72574361487985,NA,0.615445750126345,1
BY4741_Unstressed_1784042189_BY55___Unstressed,Unstressed,0.979050487132297,2079,465092.48,1,FALSE,FALSE,0.73428337734727,2.81836534430123,NA,0.637470942868093,1
BY4741_Unstressed_1784042189_BY39___Unstressed,Unstressed,1.00115126796477,2375,475616.63,1,FALSE,FALSE,0.707331591787263,3.66825226203895,NA,0.654759727641409,1
BY4741_Unstressed_1784042189_BY64___Unstressed,Unstressed,1.01225323178137,2409,480918.59,1,FALSE,FALSE,0.349647804851897,1.83220376344297,NA,0.701768595821497,1
BY4741_Unstressed_1784042189_BY85___Unstressed,Unstressed,0.969596767090519,2515,460594.28,1,FALSE,FALSE,0.467956334440469,3.51620109843869,NA,0.804188863578405,1
BY4741_Unstressed_1784042189_BY83___Unstressed,Unstressed,0.987780074532265,1834,469255.14,1,FALSE,FALSE,0.858702619387905,1.59658552690503,NA,0.853652073766109,1
BY4741_Unstressed_1784042189_BY79___Unstressed,Unstressed,1.01681695145417,2044,483052.12,1,FALSE,FALSE,0.476419793295855,2.81606651902866,NA,0.867218580842313,1
BY4741_Unstressed_1784042189_BY35___Unstressed,Unstressed,0.980077745066029,1859,465565.71,1,FALSE,FALSE,0.696852812740855,2.71994181849548,NA,1.10393570290282,1
BY4741_Unstressed_1784042189_BY61___Unstressed,Unstressed,1.00645596057338,1915,478152.44,1,FALSE,FALSE,0.360637879837847,2.57222607053735,NA,1.1155175303218,1
BY4741_Unstressed_1784042189_BY24___Unstressed,Unstressed,0.981001856199037,2148,466016.82,1,TRUE,FALSE,31.8914232710934,5.18468735908488,NA,1.17763096341406,1
BY4741_Unstressed_1784042189_BY80___Unstressed,Unstressed,0.995503454365996,1440,472923.41,1,FALSE,FALSE,0.401493104321673,2.9377726005787,NA,1.78737071465069,1
BY4741_Unstressed_1784042189_BY14___Unstressed,Unstressed,1.03006394771846,2508,489319.67,1,FALSE,FALSE,0.850244813772267,3.52169146557748,NA,1.80551844998079,1
BY4741_Unstressed_1784042189_BY92___Unstressed,Unstressed,0.986352859616138,1703,468573.68,1,FALSE,FALSE,1.03091489284749,2.18523460901241,NA,2.06669248385151,1
BY4741_Unstressed_1784042189_BY28___Unstressed,Unstressed,1.02411300882777,2132,486546.37,1,FALSE,FALSE,0.513664886449974,2.30167771108755,NA,2.113917747755,1
BY4741_Unstressed_1784042189_BY53___Unstressed,Unstressed,1.00766635670432,2247,478696.45,1,FALSE,FALSE,0.537698530070743,4.7021711010275,NA,2.35952068806771,1
BY4741_Unstressed_1784042189_BY58___Unstressed,Unstressed,0.988361064675113,2318,469501.68,1,FALSE,FALSE,0.733377735913448,2.19331556255713,NA,2.45608141854699,1
BY4741_Unstressed_1784042189_BY18___Unstressed,Unstressed,0.973318472063546,2188,462362.91,1,FALSE,FALSE,0.774403049290815,3.03597724028899,NA,3.00233829776793,1
BY4741_Unstressed_1784042189_BY29___Unstressed,Unstressed,0.983458434085645,1710,467199.97,1,FALSE,FALSE,1.04492510962533,1.83015892845623,NA,3.12654953463673,1
BY4741_Unstressed_1784042189_BY90___Unstressed,Unstressed,0.944355271427867,2010,448629.55,1,FALSE,FALSE,1.25452466595362,2.37075783010788,NA,3.4105431674718,1
BY4741_Unstressed_1784042189_BY73___Unstressed,Unstressed,1.02976292746329,2043,489174.81,1,FALSE,FALSE,1.20525769223002,1.41431951399842,NA,3.49192079354208,1
BY4741_Unstressed_1784042189_BY11___Unstressed,Unstressed,1.01993872095361,1534,484548.31,1,FALSE,FALSE,0.952430832936122,2.56414891500234,NA,3.97013569639644,1
BY4741_Unstressed_1784042189_BY49___Unstressed,Unstressed,0.92346067665283,1523,438685.79,1,FALSE,FALSE,4.61642977687883,4.19136838288834,NA,4.22330758237882,1
BY4741_Unstressed_1784042189_BY1___Unstressed,Unstressed,0.889333820870752,1608,422477.29,1,FALSE,FALSE,2.71879752699592,3.0549195050173,NA,4.23820230873362,1
BY4741_Unstressed_1784042189_BY25___Unstressed,Unstressed,1.01275633556449,1812,481105.69,1,FALSE,FALSE,0.200334329686487,3.32092436632812,NA,4.79970795807791,1
BY4741_Unstressed_1784042189_BY4___Unstressed,Unstressed,1.02379725331535,1821,486347.18,1,FALSE,FALSE,1.04995692069529,3.56479048176007,NA,4.90048275794641,1
BY4741_Unstressed_1784042189_BY75___Unstressed,Unstressed,1.02048813554521,1833,484793.67,1,FALSE,FALSE,0.901092418975024,1.16317083370889,NA,4.90118914185284,1
BY4741_Unstressed_1784042189_BY70___Unstressed,Unstressed,0.9685189882748,1759,460064.78,1,FALSE,FALSE,0.738937806752888,1.86633745180231,NA,5.08366888732436,1
BY4741_Unstressed_1784042189_BY20___Unstressed,Unstressed,0.962949061035757,2311,457435.76,1,FALSE,FALSE,0.776248950172641,1.50509860216424,NA,5.24870335720051,1
BY4741_Unstressed_1784042189_BY52___Unstressed,Unstressed,1.00434250367693,1222,477138.99,1,FALSE,FALSE,1.1093897396703,2.43471478057037,NA,5.72883468505194,1
BY4741_Unstressed_1784042189_BY60___Unstressed,Unstressed,0.730603524778499,1570,347081.25,1,FALSE,FALSE,0.412879088394451,3.82469045026401,NA,6.00891996275495,1
BY4741_Unstressed_1784042189_BY9___Unstressed,Unstressed,0.967205445343144,1695,459479.36,1,FALSE,FALSE,0.702112537976219,3.44324201281103,NA,6.00894844427586,1
BY4741_Unstressed_1784042189_BY26___Unstressed,Unstressed,0.978069540007053,1556,464629.5,1,FALSE,FALSE,0.275620955433259,3.0575480805521,NA,6.33407680210505,1
BY4741_Unstressed_1784042189_BY94___Unstressed,Unstressed,0.986329704211894,1654,468590.33,1,FALSE,FALSE,0.637684613185109,3.37305732465775,NA,7.2627875666375,1
BY4741_Unstressed_1784042189_BY59___Unstressed,Unstressed,0.990463996387813,2166,470527.22,1,FALSE,FALSE,0.751762294331188,2.05630856010445,NA,7.43329156120508,1
BY4741_Unstressed_1784042189_BY84___Unstressed,Unstressed,0.999189373714282,1943,474676.86,1,FALSE,FALSE,0.910115076174787,3.62136517396157,NA,7.91520290439487,1
BY4741_Unstressed_1784042189_BY16___Unstressed,Unstressed,0.992756381407964,1964,471604.19,1,FALSE,FALSE,0.965243927836652,2.73099367089766,NA,7.92054535160129,1
BY4741_Unstressed_1784042189_BY93___Unstressed,Unstressed,0.985409803152385,1862,468129.79,1,FALSE,FALSE,0.673921448039782,2.94623321602093,NA,7.97858996210794,1
BY4741_Unstressed_1784042189_BY71___Unstressed,Unstressed,0.994627759078225,1815,472481.1,1,FALSE,FALSE,0.962348425933192,1.9990727115119,NA,7.99559387693908,1
BY4741_Unstressed_1784042189_BY7___Unstressed,Unstressed,0.974737266832675,1251,463065.87,1,FALSE,FALSE,0.476392401927443,2.20599200207325,NA,8.67235974477101,1
BY4741_Unstressed_1784042189_BY23___Unstressed,Unstressed,0.819353979172047,1325,389225.82,1,FALSE,FALSE,0.595027966033522,1.94860301650615,NA,8.71034067971149,1
BY4741_Unstressed_1784042189_BY57___Unstressed,Unstressed,0.905944665860659,773,430355.06,1,FALSE,FALSE,1.36934783575433,0.384801418084966,NA,9.00956991513218,1
BY4741_Unstressed_1784042189_BY67___Unstressed,Unstressed,1.0103902742581,1931,480021.78,1,FALSE,FALSE,0.223565125376848,2.54686028471443,NA,9.11913690409323,1
BY4741_Unstressed_1784042189_BY33___Unstressed,Unstressed,1.00203959347304,1599,476044.65,1,FALSE,FALSE,0.957402251033001,2.1062304870219,NA,10.1829191332155,1
BY4741_Stressed_1784042160_C50_BY87___Stressed,Stressed,1.0497965622078,1140,498716.48,2,FALSE,FALSE,0.326372731401874,1.18060720226494,NA,17.2167538851624,1
BY4741_Stressed_1784042160_C50_BY3___Stressed,Stressed,1.0892196904515,1168,517416.97,2,FALSE,FALSE,1.16386185920473,1.42959484806284,NA,21.9701306185928,1
BY4741_Stressed_1784042160_C50_BY2___Stressed,Stressed,1.15554518835316,1811,548964.6,2,FALSE,FALSE,3.7184666200824,3.59041480303914,NA,23.3988589237644,1
BY4741_Stressed_1784042160_C50_BY77___Stressed,Stressed,1.06178474649592,1788,504390.44,2,FALSE,FALSE,0.532472998322251,2.3743989882599,NA,23.7486880190762,3
BY4741_Stressed_1784042160_C50_BY10___Stressed,Stressed,0.966704446596775,2061,459219.75,2,FALSE,FALSE,0.604061521377141,2.46295723068654,NA,24.4722975160694,3
BY4741_Stressed_1784042160_C50_BY18___Stressed,Stressed,1.07569482933628,2352,510990.14,2,FALSE,FALSE,0.855427778172939,2.17878745740478,NA,25.5324226820666,2
BY4741_Stressed_1784042160_C50_BY88___Stressed,Stressed,1.05628218043286,1849,501782.3,2,FALSE,FALSE,0.459502484507472,3.1841998758458,NA,25.8506018801509,3
BY4741_Stressed_1784042160_C50_BY80___Stressed,Stressed,1.10904071648431,1688,526844.83,2,FALSE,FALSE,0.607606344788811,3.0580141043617,NA,25.8670038005062,3
BY4741_Stressed_1784042160_C50_BY79___Stressed,Stressed,0.928902196650157,2258,441257.46,2,FALSE,FALSE,0.715739844513783,2.56135053197457,NA,26.0853351398702,2
BY4741_Stressed_1784042160_C50_BY55___Stressed,Stressed,1.04830619618919,1562,498015.93,2,FALSE,FALSE,0.834550116284483,2.73390356436722,NA,26.1692199043068,3
BY4741_Stressed_1784042160_C50_BY1___Stressed,Stressed,1.06804302075203,2248,507385.12,2,FALSE,FALSE,0.568204456326149,3.432627305326,NA,26.6779244581992,3
BY4741_Stressed_1784042160_C50_BY5___Stressed,Stressed,1.0473063037332,2417,497512.11,2,FALSE,FALSE,0.588312779674284,4.28160275569044,NA,26.897718736028,2
BY4741_Stressed_1784042160_C50_BY19___Stressed,Stressed,0.969495725326545,2183,460537.92,2,FALSE,FALSE,0.624596010820232,3.82175720147672,NA,26.9146471635989,2
BY4741_Stressed_1784042160_C50_BY54___Stressed,Stressed,0.9675654066273,2224,459631.54,2,FALSE,FALSE,0.385668000094025,4.47865848151722,NA,26.9178090723345,2
BY4741_Stressed_1784042160_C50_BY78___Stressed,Stressed,0.937294978170213,2319,445252.27,2,FALSE,FALSE,0.37849085342821,3.80720727344848,NA,26.9550123344985,2
BY4741_Stressed_1784042160_C50_BY30___Stressed,Stressed,1.07793248340095,2425,512032.51,2,FALSE,FALSE,0.729557155119647,4.76801390000462,NA,26.9742339223566,2
BY4741_Stressed_1784042160_C50_BY52___Stressed,Stressed,1.05923133691884,2256,503175.15,2,FALSE,FALSE,0.603917074858233,3.39241775388428,NA,26.9786099909142,2
BY4741_Stressed_1784042160_C50_BY13___Stressed,Stressed,1.02713584159998,2260,487929.73,2,FALSE,FALSE,0.705147116257986,4.45088725709766,NA,26.9859034528145,2
BY4741_Stressed_1784042160_C50_BY34___Stressed,Stressed,0.932722838350408,2297,443078.51,2,FALSE,FALSE,0.242678825576758,4.07018091985601,NA,26.9914692420543,2
BY4741_Stressed_1784042160_C50_BY89___Stressed,Stressed,0.976172901895799,2428,463729.48,2,FALSE,FALSE,0.484897802098062,3.26877049224265,NA,26.9987019491241,2
BY4741_Stressed_1784042160_C50_BY8___Stressed,Stressed,0.948887415549433,2290,450740.63,2,FALSE,FALSE,0.435280172459027,4.52115151893757,NA,27.0045344550367,2
BY4741_Stressed_1784042160_C50_BY86___Stressed,Stressed,1.06009861205961,2400,503605.01,2,FALSE,FALSE,0.950299207829408,3.54374988121912,NA,27.0050865174719,2
BY4741_Stressed_1784042160_C50_BY14___Stressed,Stressed,1.0543981725421,2398,500876.22,2,TRUE,FALSE,22.9390755248872,5.11164512778199,NA,27.0155314424961,2
BY4741_Stressed_1784042160_C50_BY71___Stressed,Stressed,0.9564718629577,2369,454356.41,2,FALSE,FALSE,0.792747821438919,4.8177131032551,NA,27.015678497767,2
BY4741_Stressed_1784042160_C50_BY53___Stressed,Stressed,1.06958390765263,2240,508120.6,2,FALSE,FALSE,0.176810473723039,4.8854705995129,NA,27.0414944021189,2
BY4741_Stressed_1784042160_C50_BY64___Stressed,Stressed,1.05445079846084,2399,500892.23,2,FALSE,FALSE,3.00643614635131,4.95883444515827,NA,27.053145362074,2
BY4741_Stressed_1784042160_C50_BY70___Stressed,Stressed,1.00671277505682,2400,478196.75,2,FALSE,FALSE,0.435409372309877,4.05953141779787,NA,27.063925794488,2
BY4741_Stressed_1784042160_C50_BY50___Stressed,Stressed,1.07945231993405,2315,512829.64,2,FALSE,FALSE,0.482389027940743,4.53886535012087,NA,27.0921595228548,2
BY4741_Stressed_1784042160_C50_BY72___Stressed,Stressed,1.06042068268227,2310,503737.84,2,FALSE,FALSE,3.00851874047096,5.01746434685597,NA,27.1099217200545,2
BY4741_Stressed_1784042160_C50_BY57___Stressed,Stressed,0.998846252724122,2317,474507.24,2,FALSE,FALSE,0.358099105275095,4.74657559982686,NA,27.1212571572419,2
BY4741_Stressed_1784042160_C50_BY22___Stressed,Stressed,0.938471693713156,2529,445798.01,2,FALSE,FALSE,0.982123792331847,4.97477089661186,NA,27.1748985023892,2
BY4741_Stressed_1784042160_C50_BY25___Stressed,Stressed,1.05408452206643,2334,500692.16,2,FALSE,FALSE,0.166143906380263,4.62220553579481,NA,27.1972232403725,2
BY4741_Stressed_1784042160_C50_BY49___Stressed,Stressed,1.05164267943707,2767,499590.1,2,FALSE,FALSE,0.534923598622871,2.48074900435433,NA,27.2798142525901,2
BY4741_Stressed_1784042160_C50_BY51___Stressed,Stressed,1.08042905698579,2642,513248.22,2,FALSE,FALSE,1.26470095652438,2.75148225053091,NA,27.280485646669,2
BY4741_Stressed_1784042160_C50_BY75___Stressed,Stressed,0.970733486935221,2510,461125.91,2,FALSE,FALSE,0.734228425432345,4.02316233833338,NA,27.3080267139724,2
BY4741_Stressed_1784042160_C50_BY82___Stressed,Stressed,0.934861555687849,2609,444102.83,2,FALSE,FALSE,0.635339716202615,3.18645425288231,NA,27.339514398458,2
BY4741_Stressed_1784042160_C50_BY62___Stressed,Stressed,1.05276255898778,2708,500099.81,2,FALSE,FALSE,1.08547131918769,2.5676175487693,NA,27.34182834959,2
BY4741_Stressed_1784042160_C50_BY11___Stressed,Stressed,0.930678847666693,2727,442145.07,2,FALSE,FALSE,0.574868873614789,1.73378038399936,NA,27.3476060421413,2
BY4741_Stressed_1784042160_C50_BY38___Stressed,Stressed,1.07276882825455,2585,509602.92,2,FALSE,FALSE,0.486146784816203,2.69567756499012,NA,27.3895453870271,2
BY4741_Stressed_1784042160_C50_BY9___Stressed,Stressed,1.06877557354084,3012,507701.38,2,FALSE,FALSE,0.997224753940966,1.09037870051626,NA,27.4604381054269,2
BY4741_Stressed_1784042160_C50_BY29___Stressed,Stressed,1.08984699140283,2984,517741.54,2,FALSE,FALSE,0.721264650803734,1.65461709852014,NA,27.5838505689052,2
BY4741_Stressed_1784042160_C50_BY7___Stressed,Stressed,0.937356024235947,2200,445281.2,2,FALSE,FALSE,0.887794312108537,4.4943616246772,NA,27.9686451048329,3
BY4741_Stressed_1784042160_C50_BY42___Stressed,Stressed,1.08429390445778,3821,515088.85,2,FALSE,FALSE,0.0285724331948946,1.38588121092988,NA,28.1175724669666,2
BY4741_Stressed_1784042160_C50_BY44___Stressed,Stressed,1.0258812396973,3829,487324.11,2,FALSE,FALSE,2.84081662567251,1.41151835459377,NA,28.1279932784368,2
BY4741_Stressed_1784042160_C50_BY63___Stressed,Stressed,1.07343401986737,2323,509941.54,2,FALSE,FALSE,0.0491055762434235,4.94291653828496,NA,28.2503821583587,3
BY4741_Stressed_1784042160_C50_BY23___Stressed,Stressed,1.01341942214056,1611,481418.54,2,FALSE,FALSE,1.17364922469892,0.812348691520782,NA,28.4533415111087,3
BY4741_Stressed_1784042160_C50_BY39___Stressed,Stressed,1.06384136740013,2015,505373.83,2,FALSE,FALSE,0.803955074956336,2.90078502179956,NA,28.5337563412133,3
BY4741_Stressed_1784042160_C50_BY69___Stressed,Stressed,1.05394979971447,2027,500658.24,2,FALSE,FALSE,0.825251240836239,2.14643238932175,NA,28.5635019151418,3
BY4741_Stressed_1784042160_C50_BY27___Stressed,Stressed,1.0427467941339,2025,495347.68,2,FALSE,FALSE,0.264707004686195,1.86375248192691,NA,28.8157827130724,3
BY4741_Stressed_1784042160_C50_BY36___Stressed,Stressed,1.13659143746111,2538,539943.62,2,FALSE,FALSE,0.661237298674238,2.37251136261535,NA,28.8666508811767,3
BY4741_Stressed_1784042160_C50_BY35___Stressed,Stressed,0.804416638397952,1718,382106.87,2,FALSE,FALSE,0.688432790555735,2.25758702901859,NA,28.8720503118456,3
BY4741_Stressed_1784042160_C50_BY66___Stressed,Stressed,0.978719996362634,2397,464918.37,2,FALSE,FALSE,0.757160583708559,4.2633190208906,NA,28.9220521430862,3
BY4741_Stressed_1784042160_C50_BY56___Stressed,Stressed,0.947072873871407,2281,449895.34,2,FALSE,FALSE,0.495260822167321,3.56883295672671,NA,28.9245576760801,3
BY4741_Stressed_1784042160_C50_BY85___Stressed,Stressed,1.02291313788058,2436,485917.14,2,FALSE,FALSE,0.151362701041022,3.99019511869787,NA,28.956444788141,3
BY4741_Stressed_1784042160_C50_BY31___Stressed,Stressed,0.959551531722145,2281,455823.58,2,FALSE,FALSE,0.270453324819199,4.03438106034139,NA,28.9591394878988,3
BY4741_Stressed_1784042160_C50_BY17___Stressed,Stressed,0.972272268799069,2530,461849.13,2,FALSE,FALSE,0.93326229062309,4.31015009257709,NA,28.9611953673572,3
BY4741_Stressed_1784042160_C50_BY6___Stressed,Stressed,0.951503976228999,2127,452020.07,2,FALSE,FALSE,0.681383332805914,4.43025018241162,NA,29.0342408118983,3
BY4741_Stressed_1784042160_C50_BY32___Stressed,Stressed,1.00110285211953,2274,475558.35,2,FALSE,FALSE,0.584918356692408,4.24863201720211,NA,29.05245391735,3
BY4741_Stressed_1784042160_C50_BY59___Stressed,Stressed,0.976015024139591,2276,463643.51,2,FALSE,FALSE,0.984461395132482,4.91707414901326,NA,29.1019009478553,3
BY4741_Stressed_1784042160_C50_BY58___Stressed,Stressed,1.04893981225078,2089,498306.44,2,FALSE,FALSE,0.355687770905198,3.86816015136649,NA,29.1108061754848,3
BY4741_Stressed_1784042160_C50_BY4___Stressed,Stressed,1.04308781008731,1823,495519.33,2,FALSE,FALSE,0.905613342542592,1.39187420559781,NA,29.1360601986717,3
BY4741_Stressed_1784042160_C50_BY16___Stressed,Stressed,0.968792643052229,2053,460218.14,2,FALSE,FALSE,0.996780792513431,3.97174654657972,NA,29.1503556234377,3
BY4741_Stressed_1784042160_C50_BY61___Stressed,Stressed,1.08957965173565,2294,517628.67,2,FALSE,FALSE,0.442762715376314,4.3665538722282,NA,29.1679074799425,3
BY4741_Stressed_1784042160_C50_BY37___Stressed,Stressed,1.07606110573069,2214,511191.83,2,FALSE,FALSE,0.887710368591646,1.91322339867721,NA,29.1778905393357,3
BY4741_Stressed_1784042160_C50_BY84___Stressed,Stressed,1.04070911856043,2135,494378.37,2,FALSE,FALSE,0.570289692947495,3.65331862477344,NA,29.2161672714861,3
BY4741_Stressed_1784042160_C50_BY33___Stressed,Stressed,1.05306778931645,1747,500261.57,2,FALSE,FALSE,0.910114827341827,2.70111101788117,NA,29.2942626297847,3
BY4741_Stressed_1784042160_C50_BY76___Stressed,Stressed,1.04035547238652,2252,494227.46,2,FALSE,FALSE,0.793138658670169,3.87251578197284,NA,29.4720688165004,3
BY4741_Stressed_1784042160_C50_BY21___Stressed,Stressed,1.04741787068092,1831,497608.82,2,FALSE,FALSE,1.06047694215521,3.56770057395102,NA,29.5520785744718,3
BY4741_Stressed_1784042160_C50_BY65___Stressed,Stressed,1.02201218215182,2388,485490.66,2,FALSE,FALSE,0.497070149892155,1.74451589583907,NA,29.5943068022438,3
BY4741_Stressed_1784042160_C50_BY12___Stressed,Stressed,0.799084580311596,1630,379593.66,2,FALSE,FALSE,0.78920649233694,3.08862865363269,NA,29.6165570767107,3
BY4741_Stressed_1784042160_C50_BY26___Stressed,Stressed,0.614051850034969,1196,291724.92,2,FALSE,FALSE,0.940274768448571,1.27422970184218,NA,29.6483621643333,3
BY4741_Stressed_1784042160_C50_BY83___Stressed,Stressed,0.958280089525477,1963,455214.62,2,FALSE,FALSE,0.881513249025044,2.18546302998427,NA,29.6493468449838,3
BY4741_Stressed_1784042160_C50_BY40___Stressed,Stressed,1.05441711787284,1767,500898.07,2,FALSE,FALSE,0.862283017916824,2.49736805335573,NA,29.6744626434159,3
BY4741_Stressed_1784042160_C50_BY60___Stressed,Stressed,1.01321523357587,2226,481314.48,2,FALSE,FALSE,0.921774386676923,3.15063470470135,NA,29.7188617145469,3
BY4741_Stressed_1784042160_C50_BY24___Stressed,Stressed,0.972922725154649,2303,462171.02,2,FALSE,FALSE,0.675570976170513,2.33551787868441,NA,29.7627216892046,3
BY4741_Stressed_1784042160_C50_BY15___Stressed,Stressed,1.03442347882657,1890,491388.94,2,FALSE,FALSE,0.259832457596049,3.48768123467083,NA,29.8464612377642,3
BY4741_Stressed_1784042160_C50_BY81___Stressed,Stressed,0.935187836384014,2093,444258.36,2,FALSE,FALSE,0.757458944314342,2.46049973457901,NA,29.9110096737746,3
BY4741_Stressed_1784042160_C50_BY20___Stressed,Stressed,1.00281845707033,1798,476391.09,2,FALSE,FALSE,0.577667995871804,2.07307224484017,NA,30.0436231172414,3
BY4741_Stressed_1784042160_C50_BY67___Stressed,Stressed,1.03457714650928,1235,491489.33,2,FALSE,FALSE,0.85721278928613,1.24948413270961,NA,30.2457571098414,3
BY4741_Stressed_1784042160_C50_BY28___Stressed,Stressed,1.06512543981729,1958,505974.75,2,FALSE,FALSE,0.727142186707301,2.19903038097917,NA,30.3242082437801,3
